-- INSERCION DE DATOS


-- Insert album
INSERT INTO album (id_album, nombre, anio_album) VALUES
(1001, 'albumnombre785', '1975-09-18'),
(1002, 'albumnombre786', '1987-02-23'),
(1003, 'albumnombre787', '1979-05-11'),
(1004, 'albumnombre788', '1991-08-04'),
(1005, 'albumnombre789', '2003-11-27'),
(1006, 'albumnombre790', '1971-03-02'),
(1007, 'albumnombre791', '1988-06-19'),
(1008, 'albumnombre792', '1966-09-30'),
(1009, 'albumnombre793', '2006-12-14'),
(1010, 'albumnombre794', '1982-04-10'),
(1011, 'albumnombre795', '1973-08-20'),
(1012, 'albumnombre796', '1998-10-28'),
(1013, 'albumnombre797', '1985-12-25'),
(1014, 'albumnombre798', '1969-01-15'),
(1015, 'albumnombre799', '1976-07-03'),
(1016, 'albumnombre800', '1995-11-09'),
(1017, 'albumnombre801', '1972-02-28'),
(1018, 'albumnombre802', '1983-10-17'),
(1019, 'albumnombre803', '1978-04-07'),
(1020, 'albumnombre804', '1984-09-05'),
(1021, 'albumnombre805', '1990-01-23'),
(1022, 'albumnombre806', '1989-06-03'),
(1023, 'albumnombre807', '1993-04-30'),
(1024, 'albumnombre808', '1970-08-11'),
(1025, 'albumnombre809', '2005-12-08'),
(1026, 'albumnombre810', '1980-02-19'),
(1027, 'albumnombre811', '1992-10-21'),
(1028, 'albumnombre812', '1999-03-01'),
(1029, 'albumnombre813', '1974-06-14'),
(1030, 'albumnombre814', '1977-01-09'),
(1031, 'albumnombre815', '1997-11-05'),
(1032, 'albumnombre816', '1981-07-15'),
(1033, 'albumnombre817', '1986-05-20'),
(1034, 'albumnombre818', '1978-09-03'),
(1035, 'albumnombre819', '1983-03-27'),
(1036, 'albumnombre820', '1995-02-14'),
(1037, 'albumnombre821', '1972-12-28'),
(1038, 'albumnombre822', '2002-08-17'),
(1039, 'albumnombre823', '1988-10-06'),
(1040, 'albumnombre824', '1991-04-25'),
(1041, 'albumnombre825', '1979-06-12'),
(1042, 'albumnombre826', '1994-10-30'),
(1043, 'albumnombre827', '1985-08-02'),
(1044, 'albumnombre828', '1996-03-19'),
(1045, 'albumnombre829', '1976-11-17'),
(1046, 'albumnombre830', '1973-09-28'),
(1047, 'albumnombre831', '2003-01-02'),
(1048, 'albumnombre832', '1982-05-06'),
(1049, 'albumnombre833', '1968-07-21'),
(1050, 'albumnombre834', '1987-11-15'),
(1051, 'albumnombre835', '1980-04-29'),
(1052, 'albumnombre836', '1999-07-12'),
(1053, 'albumnombre837', '1974-11-05'),
(1054, 'albumnombre838', '1998-01-25'),
(1055, 'albumnombre839', '1972-06-20'),
(1056, 'albumnombre840', '1993-09-14'),
(1057, 'albumnombre841', '1984-08-08'),
(1058, 'albumnombre842', '1977-03-27'),
(1059, 'albumnombre843', '2004-12-03'),
(1060, 'albumnombre844', '1989-01-31'),
(1061, 'albumnombre845', '1990-05-20'),
(1062, 'albumnombre846', '1975-07-19'),
(1063, 'albumnombre847', '1976-12-14'),
(1064, 'albumnombre848', '2000-02-05'),
(1065, 'albumnombre849', '1981-11-06'),
(1066, 'albumnombre850', '1987-02-28'),
(1067, 'albumnombre851', '1997-08-21'),
(1068, 'albumnombre852', '1967-09-09'),
(1069, 'albumnombre853', '1971-03-30'),
(1070, 'albumnombre854', '1994-06-22'),
(1071, 'albumnombre855', '2002-10-15'),
(1072, 'albumnombre856', '1986-04-01'),
(1073, 'albumnombre857', '2005-03-05'),
(1074, 'albumnombre858', '1991-10-27'),
(1075, 'albumnombre859', '1978-01-12'),
(1076, 'albumnombre860', '1985-08-30'),
(1077, 'albumnombre861', '1973-05-18'),
(1078, 'albumnombre862', '1995-12-08'),
(1079, 'albumnombre863', '1970-02-23'),
(1080, 'albumnombre864', '1983-10-16'),
(1081, 'albumnombre865', '2008-09-03'),
(1082, 'albumnombre866', '1982-11-25'),
(1083, 'albumnombre867', '1996-02-13'),
(1084, 'albumnombre868', '1979-07-07'),
(1085, 'Midnight Sun', '2003-10-28'),
(1086, 'Echoes of Eternity', '1987-06-02'),
(1087, 'Neon Nights', '2015-09-19'),
(1088, 'Spectral Symphony', '1978-12-07'),
(1089, 'Galactic Grooves', '1996-02-14'),
(1090, 'Crystal Cascade', '2008-07-31'),
(1091, 'Twilight Tango', '1985-11-23'),
(1092, 'Starlight Serenade', '1992-08-11'),
(1093, 'Mystic Melodies', '2001-05-04'),
(1094, 'Cosmic Connections', '1974-03-20'),
(1095, 'Aurora Borealis', '1989-09-08'),
(1096, 'Eternal Embrace', '2011-12-16'),
(1097, 'Dreamscape', '1998-06-30'),
(1098, 'Celestial Chronicles', '1982-04-18'),
(1099, 'Whispering Winds', '2005-01-22'),
(1100, 'Radiant Reverie', '1971-08-09');

-- Insertar artista
INSERT INTO artista (id_artista, nombre) VALUES
(20001,'Valentine Schwartz'),
(20002,'Chava Garza'),
(20003,'Shana Glass'),
(20004,'Regina Joseph'),
(20005,'Dara Sampson'),
(20006,'Brody Walter'),
(20007,'Cameron Hunter'),
(20008,'Callum Beasley'),
(20009,'Macon Mays'),
(20010,'Chase Harmon'),
(20011,'Eugenia Hunter'),
(20012,'Ariel Leon'),
(20013,'Kenneth Holden'),
(20014,'Indira Bradley'),
(20015,'Flavia Randall'),
(20016,'Phillip Phelps'),
(20017,'Brooke Dejesus'),
(20018,'Grant Nash'),
(20019,'Beatrice Nichols'),
(20020,'Logan Reed'),
(20021,'Matthew Weber'),
(20022,'Brooke Berger'),
(20023,'Brenden Stout'),
(20024,'Myra Jones'),
(20025,'Maia David'),
(20026,'Chancellor Mason'),
(20027,'Vernon Buckley'),
(20028,'Curran Clay'),
(20029,'Nasim Todd'),
(20030,'Axel Fleming'),
(20031,'Erasmus Massey'),
(20032,'Tanner Garrison'),
(20033,'Amanda Ray'),
(20034,'Chaim Henderson'),
(20035,'Kylan Fulton'),
(20036,'Dieter Rojas'),
(20037,'Tyrone Maynard'),
(20038,'Kaye Moody'),
(20039,'Walter Gates'),
(20040,'Lucian Richmond'),
(20041,'Hayes Browning'),
(20042,'Whilemina Mayo'),
(20043,'Barry Bullock'),
(20044,'Dai Alston'),
(20045,'Morgan Mcpherson'),
(20046,'Ginger Knox'),
(20047,'Quintessa Conway'),
(20048,'Thane Phillips'),
(20049,'Quin Howell'),
(20050,'Samuel Pace'),
(20051,'Sarah Delgado'),
(20052,'Blythe Randall'),
(20053,'Mohammad Alexander'),
(20054,'Zoe Kane'),
(20055,'Bernard Holt'),
(20056,'Hollee Mercado'),
(20057,'Hasad Gill'),
(20058,'Rylee Moore'),
(20059,'Macaulay Harmon'),
(20060,'Ulysses Bolton'),
(20061,'Cruz Rhodes'),
(20062,'Gage Cardenas'),
(20063,'Drake Haney'),
(20064,'Justine Mason'),
(20065,'Ruth Lynn'),
(20066,'Genevieve Medina'),
(20067,'Lee Morin'),
(20068,'Arthur Gardner'),
(20069,'Xavier Howell'),
(20070,'Hyatt Mathis'),
(20071,'Uriah Byrd'),
(20072,'Phoebe Merritt'),
(20073,'Lane Flynn'),
(20074,'Joan Ratliff'),
(20075,'Felix Osborn'),
(20076,'Amery Mcgowan'),
(20077,'Iliana Graves'),
(20078,'Cecilia Ferguson'),
(20079,'Venus Schwartz'),
(20080,'Rosalyn Serrano'),
(20081,'Karyn Walls'),
(20082,'Erich Zimmerman'),
(20083,'Alexis Waters'),
(20084,'Vaughan Valentine'),
(20085,'Chaim Fuller'),
(20086,'Garrison Rodriguez'),
(20087,'Aphrodite Daniel'),
(20088,'Devin Cunningham'),
(20089,'Jacob Holland'),
(20090,'Renee Joseph'),
(20091,'Gray Frye'),
(20092,'Lydia Klein'),
(20093,'Brynne Leach'),
(20094,'Solomon Madden'),
(20095,'Kerry Santos'),
(20096,'Todd Thompson'),
(20097,'Duncan Fitzgerald'),
(20098,'Basil Luna'),
(20099,'Silas Vazquez'),
(20100,'Kimberley Pacheco');

-- Insertar albumn_artista
INSERT INTO album_artista (id_album, id_artista) VALUES 
  (1002,20001),
  (1003,20002),
  (1004,20003),
  (1005,20004),
  (1006,20005),
  (1007,20006),
  (1008,20007),
  (1009,20008),
  (1010,20009),
  (1011,20010),
  (1012,20011),
  (1013,20012),
  (1014,20013),
  (1015,20014),
  (1016,20015),
  (1017,20016),
  (1018,20017),
  (1019,20018),
  (1020,20019),
  (1021,20020),
  (1022,20021),
  (1023,20022),
  (1024,20023),
  (1025,20024),
  (1026,20025),
  (1027,20026),
  (1028,20027),
  (1029,20028),
  (1030,20029),
  (1031,20030),
  (1032,20031),
  (1033,20032),
  (1034,20033),
  (1035,20034),
  (1036,20035),
  (1037,20036),
  (1038,20037),
  (1039,20038),
  (1040,20039),
  (1041,20040),
  (1042,20041),
  (1043,20042),
  (1044,20043),
  (1045,20044),
  (1046,20045),
  (1047,20046),
  (1048,20047),
  (1049,20048),
  (1050,20049),
  (1051,20050),
  (1052,20051),
  (1053,20052),
  (1054,20053),
  (1055,20054),
  (1056,20055),
  (1057,20056),
  (1058,20057),
  (1059,20058),
  (1060,20059),
  (1061,20060),
  (1062,20061),
  (1063,20062),
  (1064,20063),
  (1065,20064),
  (1066,20065),
  (1067,20066),
  (1068,20067),
  (1069,20068),
  (1070,20069),
  (1071,20070),
  (1072,20071),
  (1073,20072),
  (1074,20073),
  (1075,20074),
  (1076,20075),
  (1077,20076),
  (1078,20077),
  (1079,20078),
  (1080,20079),
  (1081,20080),
  (1082,20081),
  (1083,20082),
  (1084,20083),
  (1085,20084),
  (1086,20085),
  (1087,20086),
  (1088,20087),
  (1089,20088),
  (1090,20089),
  (1091,20090),
  (1092,20091),
  (1093,20092),
  (1094,20093),
  (1095,20094),
  (1096,20095),
  (1097,20096),
  (1098,20097),
  (1099,20098),
  (1100,20099),
  (1001,20100);
  
--Insertar genero_musical
INSERT INTO genero_musical (id_genero_musical, nombre_genero) VALUES
(100, 'Rock'),
(101, 'Pop'),
(102, 'Hip Hop'),
(103, 'R&B'),
(104, 'Country'),
(105, 'Jazz'),
(106, 'Blues'),
(107, 'Reggae'),
(108, 'Folk'),
(109, 'Classical'),
(110, 'Electronic'),
(111, 'Dance'),
(112, 'Indie'),
(113, 'Alternative'),
(114, 'Metal'),
(115, 'Punk'),
(116, 'Funk'),
(117, 'Disco'),
(118, 'Gospel'),
(119, 'Soul'),
(120, 'Techno'),
(121, 'Houses'),
(122, 'Trances'),
(123, 'Ska'),
(124, 'Tango'),
(125, 'Merengue'),
(126, 'Bachata'),
(127, 'Salsa'),
(128, 'Samba'),
(129, 'Bossa Nova'),
(130, 'Mariachi'),
(131, 'Banda'),
(132, 'Vallenato'),
(133, 'Ranchera'),
(134, 'Celtic'),
(135, 'Trance'),
(136, 'House'),
(137, 'Technos'),
(138, 'Dubstep'),
(139, 'Drum and Bass'),
(140, 'Garage'),
(141, 'Grime'),
(142, 'Ambient'),
(143, 'Chillout'),
(144, 'Downtempo'),
(145, 'Trap'),
(146, 'Hardcore'),
(147, 'Experimental');

--Insertar album_genero_musical
INSERT INTO album_genero_musical (id_album, id_genero_musical) VALUES
(1001, 120),
(1002, 104),
(1003, 117),
(1004, 137),
(1005, 108),
(1006, 133),
(1007, 101),
(1008, 144),
(1009, 126),
(1010, 110),
(1011, 138),
(1012, 123),
(1013, 105),
(1014, 127),
(1015, 143),
(1016, 115),
(1017, 106),
(1018, 131),
(1019, 136),
(1020, 124),
(1021, 121),
(1022, 139),
(1023, 114),
(1024, 146),
(1025, 103),
(1026, 107),
(1027, 147),
(1028, 135),
(1029, 116),
(1030, 140),
(1031, 142),
(1032, 125),
(1033, 134),
(1034, 100),
(1035, 122),
(1036, 145),
(1037, 111),
(1038, 129),
(1039, 128),
(1040, 102),
(1041, 109),
(1042, 130),
(1043, 113),
(1044, 119),
(1045, 132),
(1046, 141),
(1047, 112),
(1048, 118),
(1049, 108),
(1050, 147),
(1051, 146),
(1052, 115),
(1053, 132),
(1054, 117),
(1055, 101),
(1056, 109),
(1057, 143),
(1058, 133),
(1059, 110),
(1060, 121),
(1061, 138),
(1062, 103),
(1063, 128),
(1064, 142),
(1065, 104),
(1066, 124),
(1067, 130),
(1068, 123),
(1069, 137),
(1070, 127),
(1071, 113),
(1072, 134),
(1073, 141),
(1074, 136),
(1075, 106),
(1076, 105),
(1077, 119),
(1078, 114),
(1079, 147),
(1080, 126),
(1081, 116),
(1082, 122),
(1083, 135),
(1084, 144),
(1085, 112),
(1086, 100),
(1087, 139),
(1088, 111),
(1089, 120),
(1090, 125),
(1091, 140),
(1092, 129),
(1093, 121),
(1094, 145),
(1095, 131),
(1096, 108),
(1097, 102),
(1098, 118),
(1099, 107),
(1100, 147);

--Insertar producto
INSERT INTO producto (id_producto,nombre_producto,descripcion,precio,existencia)
VALUES
  (30001,'Digital','mauris. Suspendisse aliquet molestie tellus. Aenean egestas',4172,11),
  (30002,'CD','cursus. Integer mollis. Integer tincidunt aliquam arcu.',7264,19),
  (30003,'Casete','nisl arcu',8303,16),
  (30004,'Casete','Maecenas',3651,13),
  (30005,'Casete','inceptos hymenaeos. Mauris ut quam vel',9181,18),
  (30006,'Vinilo','metus sit amet ante. Vivamus non lorem vitae odio sagittis',6988,4),
  (30007,'CD','nec, eleifend non, dapibus rutrum, justo.',2463,18),
  (30008,'Acetato','at pretium aliquet,',1764,11),
  (30009,'Casete','vel lectus. Cum sociis natoque penatibus et magnis dis parturient',8539,3),
  (30010,'Acetato','montes, nascetur ridiculus mus.',2187,14),
  (30011,'Casete','bibendum sed, est. Nunc',7029,16),
  (30012,'CD','quis massa. Mauris vestibulum,',5710,12),
  (30013,'CD','metus',4491,13),
  (30014,'Casete','arcu vel quam dignissim pharetra. Nam',8363,14),
  (30015,'Casete','magnis dis parturient montes, nascetur ridiculus mus.',8203,20),
  (30016,'Digital','ultrices a, auctor non, feugiat nec, diam.',5105,0),
  (30017,'Digital','non ante bibendum ullamcorper. Duis cursus, diam at pretium',3870,14),
  (30018,'Casete','consequat purus. Maecenas libero est,',5046,7),
  (30019,'Vinilo','Sed nulla ante, iaculis nec, eleifend',7347,7),
  (30020,'Vinilo','Maecenas mi felis, adipiscing fringilla, porttitor',8986,10),
  (30021,'Digital','commodo',3533,14),
  (30022,'Vinilo','tincidunt. Donec vitae erat vel pede blandit congue.',7322,8),
  (30023,'Acetato','amet, dapibus id, blandit',5513,7),
  (30024,'Digital','In nec',9026,10),
  (30025,'Digital','sit',3562,5),
  (30026,'Digital','Donec est',3380,13),
  (30027,'Acetato','gravida mauris ut mi. Duis risus odio,',8129,3),
  (30028,'Vinilo','risus. Duis',7418,19),
  (30029,'Vinilo','scelerisque neque',8694,17),
  (30030,'Vinilo','ullamcorper. Duis at lacus. Quisque',3832,9),
  (30031,'Vinilo','venenatis a, magna. Lorem ipsum',5172,2),
  (30032,'Casete','pede et risus. Quisque',9802,16),
  (30033,'Casete','luctus. Curabitur egestas nunc sed libero. Proin sed turpis',2782,9),
  (30034,'Casete','et, rutrum non, hendrerit id,',7062,14),
  (30035,'Acetato','eu tempor erat neque non',5774,17),
  (30036,'Casete','id nunc interdum feugiat. Sed nec metus facilisis',4278,20),
  (30037,'CD','at lacus.',1594,8),
  (30038,'Vinilo','cursus, diam at pretium',1880,16),
  (30039,'Digital','augue scelerisque mollis. Phasellus libero mauris, aliquam',4669,16),
  (30040,'Acetato','lorem ipsum sodales purus, in',4768,0),
  (30041,'Casete','aliquet lobortis, nisi nibh',5970,17),
  (30042,'Casete','vulputate, posuere vulputate, lacus. Cras interdum.',6377,17),
  (30043,'Casete','amet metus. Aliquam',8436,2),
  (30044,'Vinilo','tellus justo sit amet nulla. Donec non justo.',284,1),
  (30045,'Acetato','vitae, posuere at,',1531,17),
  (30046,'CD','ornare, elit elit fermentum risus, at fringilla purus',2975,16),
  (30047,'CD','lacus. Aliquam rutrum lorem ac risus. Morbi metus. Vivamus euismod',823,12),
  (30048,'Vinilo','cursus. Integer mollis. Integer tincidunt aliquam arcu. Aliquam ultrices',4386,18),
  (30049,'Acetato','vitae, posuere at, velit. Cras lorem lorem,',5053,10),
  (30050,'Casete','erat vitae risus. Duis a mi',871,4),
  (30051,'CD','et malesuada fames ac',2604,16),
  (30052,'Vinilo','ullamcorper. Duis',374,18),
  (30053,'Digital','arcu iaculis enim, sit amet ornare lectus justo',2068,5),
  (30054,'Acetato','est',2628,12),
  (30055,'CD','elit, pharetra',2379,20),
  (30056,'Acetato','posuere vulputate, lacus. Cras',4655,14),
  (30057,'Vinilo','dolor. Fusce mi lorem,',1506,12),
  (30058,'Vinilo','orci',6788,8),
  (30059,'Vinilo','semper cursus. Integer mollis. Integer tincidunt aliquam',7911,13),
  (30060,'Vinilo','tristique pharetra. Quisque ac libero nec ligula consectetuer rhoncus. Nullam',6508,2),
  (30061,'Digital','erat. Etiam',8891,7),
  (30062,'Casete','vehicula et, rutrum eu,',1048,1),
  (30063,'Digital','Quisque purus',9033,8),
  (30064,'Acetato','amet, risus. Donec nibh enim, gravida sit amet, dapibus id,',8821,0),
  (30065,'Vinilo','enim non nisi. Aenean eget metus. In nec orci.',804,10),
  (30066,'Vinilo','risus. Donec nibh',6705,17),
  (30067,'Digital','Donec egestas. Aliquam nec',2282,2),
  (30068,'Digital','quam. Curabitur vel lectus. Cum sociis natoque',1422,7),
  (30069,'Digital','malesuada fames ac turpis',1297,9),
  (30070,'Casete','ac mi eleifend egestas. Sed pharetra,',3284,8),
  (30071,'Vinilo','Nunc sollicitudin commodo ipsum. Suspendisse non leo. Vivamus nibh',1085,3),
  (30072,'Vinilo','semper cursus. Integer',4492,5),
  (30073,'Casete','In scelerisque scelerisque dui. Suspendisse ac metus vitae velit egestas',9941,18),
  (30074,'Acetato','eu tellus eu augue porttitor',4007,14),
  (30075,'Casete','bibendum ullamcorper. Duis cursus,',8576,9),
  (30076,'Vinilo','neque. Morbi',5913,10),
  (30077,'Casete','Aliquam',2675,9),
  (30078,'Vinilo','vitae odio sagittis semper.',3538,9),
  (30079,'Casete','elit, pellentesque a, facilisis non, bibendum',4738,17),
  (30080,'CD','sagittis semper. Nam tempor diam',8005,1),
  (30081,'Casete','vel, venenatis vel,',8019,13),
  (30082,'Vinilo','Suspendisse ac metus',8589,3),
  (30083,'Vinilo','sem, consequat',8253,10),
  (30084,'CD','elit elit fermentum risus, at',7201,9),
  (30085,'Acetato','Integer eu lacus. Quisque imperdiet, erat nonummy ultricies',579,19),
  (30086,'Vinilo','faucibus lectus, a sollicitudin orci sem eget',7528,4),
  (30087,'CD','vel, vulputate eu, odio. Phasellus',6643,1),
  (30088,'Casete','lectus pede et risus. Quisque libero lacus,',9635,8),
  (30089,'Casete','Morbi non sapien molestie orci tincidunt adipiscing. Mauris molestie',9949,10),
  (30090,'Digital','fringilla est. Mauris eu turpis. Nulla aliquet.',1501,4),
  (30091,'Digital','posuere at,',9264,6),
  (30092,'Digital','quis turpis vitae',9827,13),
  (30093,'Vinilo','non, vestibulum nec, euismod in,',2855,12),
  (30094,'Acetato','velit. Quisque',8287,1),
  (30095,'Digital','ullamcorper, velit',9247,12),
  (30096,'Vinilo','ut',9539,14),
  (30097,'Casete','tempor',7079,12),
  (30098,'Casete','in consequat enim diam vel',484,6),
  (30099,'Vinilo','a purus. Duis elementum, dui',3839,6),
  (30100,'Vinilo','vel',7526,4);

--Insertar provedor_direccion
INSERT INTO provedor_direccion (id_direccion,calle,colonia,numero)
VALUES
  (40001,'Tenn','Namp','602'),
  (40002,'Balo','Gölc','979'),
  (40003,'Loui','Bill','615'),
  (40004,'Sikk','Bing','814'),
  (40005,'Limp','Cama','582');

--Insertar provedor_nombre
INSERT INTO provedor_nombre (id_nombre,nombre,apellido_paterno,apellido_materno)
VALUES
  (50001,'Kyla','Christian','Devin'),
  (50002,'Tallulah','Olivia','Ryan'),
  (50003,'Ava','Britanney','Mariko'),
  (50004,'Pamela','Eaton','David'),
  (50005,'Nola','Aaron','Lucas');

--Insertar provedor_ruta
INSERT INTO provedor_ruta (id_ruta,ruta)
VALUES
  (1,'Oeste'),
  (2,'Oeste'),
  (3,'Este'),
  (4,'Sur'),
  (5,'Este');

--Insertar album_producto
INSERT INTO album_producto (id_album, id_producto, nombre_producto) VALUES
(1001, 30001, 'Digital'),
(1002, 30002, 'CD'),
(1003, 30003, 'Casete'),
(1004, 30004, 'Casete'),
(1005, 30005, 'Casete'),
(1006, 30006, 'Vinilo'),
(1007, 30007, 'CD'),
(1008, 30008, 'Acetato'),
(1009, 30009, 'Casete'),
(1010, 30010, 'Acetato'),
(1011, 30011, 'Casete'),
(1012, 30012, 'CD'),
(1013, 30013, 'CD'),
(1014, 30014, 'Casete'),
(1015, 30015, 'Casete'),
(1016, 30016, 'Digital'),
(1017, 30017, 'Digital'),
(1018, 30018, 'Casete'),
(1019, 30019, 'Vinilo'),
(1020, 30020, 'Vinilo'),
(1021, 30021, 'Digital'),
(1022, 30022, 'Vinilo'),
(1023, 30023, 'Acetato'),
(1024, 30024, 'Digital'),
(1025, 30025, 'Digital'),
(1026, 30026, 'Digital'),
(1027, 30027, 'Acetato'),
(1028, 30028, 'Vinilo'),
(1029, 30029, 'Vinilo'),
(1030, 30030, 'Vinilo'),
(1031, 30031, 'Vinilo'),
(1032, 30032, 'Casete'),
(1033, 30033, 'Casete'),
(1034, 30034, 'Casete'),
(1035, 30035, 'Acetato'),
(1036, 30036, 'Casete'),
(1037, 30037, 'CD'),
(1038, 30038, 'Vinilo'),
(1039, 30039, 'Digital'),
(1040, 30040, 'Acetato'),
(1041, 30041, 'Casete'),
(1042, 30042, 'Casete'),
(1043, 30043, 'Casete'),
(1044, 30044, 'Vinilo'),
(1045, 30045, 'Acetato'),
(1046, 30046, 'CD'),
(1047, 30047, 'CD'),
(1048, 30048, 'Vinilo'),
(1049, 30049, 'Acetato'),
(1050, 30050, 'Casete'),
(1051, 30051, 'CD'),
(1052, 30052, 'Vinilo'),
(1053, 30053, 'Digital'),
(1054, 30054, 'Acetato'),
(1055, 30055, 'CD'),
(1056, 30056, 'Acetato'),
(1057, 30057, 'Vinilo'),
(1058, 30058, 'Vinilo'),
(1059, 30059, 'Vinilo'),
(1060, 30060, 'Vinilo'),
(1061, 30061, 'Digital'),
(1062, 30062, 'Casete'),
(1063, 30063, 'Digital'),
(1064, 30064, 'Acetato'),
(1065, 30065, 'Vinilo'),
(1066, 30066, 'Vinilo'),
(1067, 30067, 'Digital'),
(1068, 30068, 'Digital'),
(1069, 30069, 'Digital'),
(1070, 30070, 'Casete'),
(1071, 30071, 'Vinilo'),
(1072, 30072, 'Vinilo'),
(1073, 30073, 'Casete'),
(1074, 30074, 'Acetato'),
(1075, 30075, 'Casete'),
(1076, 30076, 'Vinilo'),
(1077, 30077, 'Casete'),
(1078, 30078, 'Vinilo'),
(1079, 30079, 'Casete'),
(1080, 30080, 'CD'),
(1081, 30081, 'Casete'),
(1082, 30082, 'Vinilo'),
(1083, 30083, 'Vinilo'),
(1084, 30084, 'CD'),
(1085, 30085, 'Acetato'),
(1086, 30086, 'Vinilo'),
(1087, 30087, 'CD'),
(1088, 30088, 'Casete'),
(1089, 30089, 'Casete'),
(1090, 30090, 'Digital'),
(1091, 30091, 'Digital'),
(1092, 30092, 'Digital'),
(1093, 30093, 'Vinilo'),
(1094, 30094, 'Acetato'),
(1095, 30095, 'Digital'),
(1096, 30096, 'Vinilo'),
(1097, 30097, 'Casete'),
(1098, 30098, 'Casete'),
(1099, 30099, 'Vinilo'),
(1100, 30100, 'Vinilo');

--Insertar provedor
INSERT INTO provedor (id_provedor, id_ruta, id_direccion, id_nombre, telefono) VALUES
(60001, 1, 40001, 50001, '4321678325'),
(60002, 2, 40002, 50002, '5582824886'),
(60003, 3, 40003, 50003, '2668248827'),
(60004, 4, 40004, 50004, '7831331934'),
(60005, 5, 40005, 50005, '8377532429');

-- Insertar provedor_producto
INSERT INTO provedor_producto (id_provedor, id_producto, nombre_producto) VALUES
(60001,30001, 'Digital'),
(60002,30002, 'CD'),
(60003,30003, 'Casete'),
(60004,30004, 'Casete'),
(60005,30005, 'Casete'),
(60003,30006, 'Vinilo'),
(60001,30007, 'CD'),
(60002,30008, 'Acetato'),
(60003,30009, 'Casete'),
(60004,30010, 'Acetato'),
(60005,30011, 'Casete'),
(60001,30012, 'CD'),
(60002,30013, 'CD'),
(60003,30014, 'Casete'),
(60004,30015, 'Casete'),
(60005,30016, 'Digital'),
(60001,30017, 'Digital'),
(60002,30018, 'Casete'),
(60003,30019, 'Vinilo'),
(60004,30020, 'Vinilo'),
(60005,30021, 'Digital'),
(60001,30022, 'Vinilo'),
(60002,30023, 'Acetato'),
(60003,30024, 'Digital'),
(60004,30025, 'Digital'),
(60005,30026, 'Digital'),
(60001,30027, 'Acetato'),
(60002,30028, 'Vinilo'),
(60003,30029, 'Vinilo'),
(60004,30030, 'Vinilo'),
(60005,30031, 'Vinilo'),
(60001,30032, 'Casete'),
(60002,30033, 'Casete'),
(60003,30034, 'Casete'),
(60004,30035, 'Acetato'),
(60005,30036, 'Casete'),
(60001,30037, 'CD'),
(60002,30038, 'Vinilo'),
(60003,30039, 'Digital'),
(60004,30040, 'Acetato'),
(60005,30041, 'Casete'),
(60001,30042, 'Casete'),
(60002,30043, 'Casete'),
(60003,30044, 'Vinilo'),
(60004,30045, 'Acetato'),
(60005,30046, 'CD'),
(60001,30047, 'CD'),
(60002,30048, 'Vinilo'),
(60003,30049, 'Acetato'),
(60004,30050,'Casete');

--Insertar almacen
INSERT INTO almacen (codigo_barras, titulo, precio, inventario) VALUES
(46462792, 'nec, malesuada', 4172, 11),
(36501054, 'lacus. Mauris', 7264, 19),
(50432614, 'massa rutrum', 8303, 16),
(73866634, 'nec enim.', 3651, 13),
(87227843, 'Nullam enim.', 9181, 18),
(74931187, 'morbi tristique', 6988, 4),
(33989408, 'blandit. Nam', 2463, 18),
(21323459, 'Morbi non', 1764, 11),
(90053460, 'nibh. Quisque', 8539, 3),
(61915793, 'montes, nascetur', 2187, 14),
(95629458, 'per inceptos', 7029, 16),
(78248069, 'semper et,', 5710, 12),
(77556487, 'penatibus et', 4491, 13),
(77797836, 'mi. Aliquam', 8363, 14),
(12161909, 'diam luctus', 8203, 20),
(102648569, 'enim nec', 5105, 0),
(68157891, 'ut odio', 3870, 14),
(41632879, 'dignissim tempor', 5046, 7),
(56164068, 'neque. In', 7347, 7),
(105744858, 'magna. Cras', 8986, 10),
(30843205, 'lorem vitae', 3533, 14),
(47185331, 'id enim.', 7322, 8),
(42919935, 'suscipit, est', 5513, 7),
(22240555, 'Proin velit.', 9026, 10),
(61040993, 'libero nec', 3562, 5),
(58084735, 'malesuada vel,', 3380, 13),
(21852610, 'dui. Cras', 8129, 3),
(16813294, 'vel, mauris.', 7418, 19),
(36406102, 'mauris ipsum', 8694, 17),
(43164299, 'egestas a,', 3832, 9),
(14394927, 'auctor quis,', 5172, 2),
(32511452, 'vel, venenatis', 9802, 16),
(20728827, 'Ut tincidunt', 2782, 9),
(20249952, 'malesuada ut,', 7062, 14),
(85146827, 'justo faucibus', 5774, 17),
(92968057, 'id, erat.', 4278, 20),
(23889245, 'ac arcu.', 1594, 8),
(23497804, 'risus. Donec', 1880, 16),
(57744483, 'purus. Duis', 4669, 16),
(30115584, 'congue, elit', 4768, 0),
(90567283, 'erat. Etiam', 5970, 17),
(103943215, 'Curae Donec', 6377, 17),
(73748725, 'arcu. Aliquam', 8436, 2),
(22922639, 'ac risus.', 284, 1),
(47095403, 'Morbi non', 1531, 17),
(81253166, 'rutrum non,', 2975, 16),
(56766456, 'Sed malesuada', 823, 12),
(14531704, 'nisl. Maecenas', 4386, 18),
(30111387, 'justo faucibus', 5053, 10),
(96119496, 'adipiscing elit.', 871, 4),
(27519639, 'rutrum eu,', 2604, 16),
(104444668, 'Suspendisse aliquet', 374, 18),
(19283243, 'habitant morbi', 2068, 5),
(30002352, 'pellentesque. Sed', 2628, 12),
(11363352, 'arcu. Sed', 2379, 20),
(73430173, 'dui quis', 4655, 14),
(17836888, 'Sed nec', 1506, 12),
(17240054, 'natoque penatibus', 6788, 8),
(17297208, 'accumsan neque', 7911, 13),
(13974928, 'nisi. Aenean', 6508, 2),
(108812150, 'et, rutrum', 8891, 7),
(41420430, 'enim. Mauris', 1048, 1),
(57510026, 'dui. Suspendisse', 9033, 8),
(16480078, 'accumsan sed,', 8821, 0),
(68634753, 'varius ultrices,', 804, 10),
(108063212, 'non, egestas', 6705, 17),
(57336484, 'ultrices a,', 2282, 2),
(90484275, 'Donec at', 1422, 7),
(97311571, 'neque. Nullam', 1297, 9),
(10542380, 'arcu. Vestibulum', 3284, 8),
(66593708, 'nonummy. Fusce', 1085, 3),
(52816985, 'placerat velit.', 4492, 5),
(102328227, 'penatibus et', 9941, 18),
(72869336, 'Vestibulum ante', 4007, 14),
(30729667, 'imperdiet ullamcorper.', 8576, 9),
(67205714, 'rutrum magna.', 5913, 10),
(14073247, 'Nulla eget', 2675, 9),
(20720773, 'scelerisque, lorem', 3538, 9),
(81406611, 'nibh enim,', 4738, 17),
(93479672, 'velit justo', 8005, 1),
(61662432, 'a ultricies', 8019, 13),
(15488318, 'leo, in', 8589, 3),
(36745079, 'egestas rhoncus.', 8253, 10),
(70642729, 'urna. Nullam', 7201, 9),
(84311261, 'malesuada vel,', 579, 19),
(58587398, 'morbi tristique', 7528, 4),
(73202744, 'Curae Donec', 6643, 1),
(56136877, 'venenatis lacus.', 9635, 8),
(41069716, 'Aliquam tincidunt,', 9949, 10),
(53514173, 'nec metus', 1501, 4),
(39576307, 'Proin nisl', 9264, 6),
(72569494, 'Phasellus vitae', 9827, 13),
(17828821, 'hymenaeos. Mauris', 2855, 12),
(78904746, 'Donec fringilla.', 8287, 1),
(101805235, 'at, velit.', 9247, 12),
(22568170, 'id, erat.', 9539, 14),
(23111079, 'bibendum sed,', 7079, 12),
(34778727, 'morbi tristique', 484, 6),
(50997321, 'non magna.', 3839, 6),
(107209009, 'vel, vulputate', 7526, 4),
(47697506, 'convallis, ante', 416, 14);

-- Insertar producto_almacen
INSERT INTO producto_almacen (id_producto, titulo, codigo_barras, nombre_producto) VALUES
(30001, 'nec, malesuada', 46462792, 'Digital'),
(30002, 'lacus. Mauris', 36501054, 'CD'),
(30003, 'massa rutrum', 50432614, 'Casete'),
(30004, 'nec enim.', 73866634, 'Casete'),
(30005, 'Nullam enim.', 87227843, 'Casete'),
(30006, 'morbi tristique', 74931187, 'Vinilo'),
(30007, 'blandit. Nam', 33989408, 'CD'),
(30008, 'Morbi non', 21323459, 'Acetato'),
(30009, 'nibh. Quisque', 90053460, 'Casete'),
(30010, 'montes, nascetur', 61915793, 'Acetato'),
(30011, 'per inceptos', 95629458, 'Casete'),
(30012, 'semper et,', 78248069, 'CD'),
(30013, 'penatibus et', 77556487, 'CD'),
(30014, 'mi. Aliquam', 77797836, 'Casete'),
(30015, 'diam luctus', 12161909, 'Casete'),
(30016, 'enim nec', 102648569, 'Digital'),
(30017, 'ut odio', 68157891, 'Digital'),
(30018, 'dignissim tempor', 41632879, 'Casete'),
(30019, 'neque. In', 56164068, 'Vinilo'),
(30020, 'magna. Cras', 105744858, 'Vinilo'),
(30021, 'lorem vitae', 30843205, 'Digital'),
(30022, 'id enim.', 47185331, 'Vinilo'),
(30023, 'suscipit, est', 42919935, 'Acetato'),
(30024, 'Proin velit.', 22240555, 'Digital'),
(30025, 'libero nec', 61040993, 'Digital'),
(30026, 'malesuada vel,', 58084735, 'Digital'),
(30027, 'dui. Cras', 21852610, 'Acetato'),
(30028, 'vel, mauris.', 16813294, 'Vinilo'),
(30029, 'mauris ipsum', 36406102, 'Vinilo'),
(30030, 'egestas a,', 43164299, 'Vinilo'),
(30031, 'auctor quis,', 14394927, 'Vinilo'),
(30032, 'vel, venenatis', 32511452, 'Casete'),
(30033, 'Ut tincidunt', 20728827, 'Casete'),
(30034, 'malesuada ut,', 20249952, 'Casete'),
(30035, 'justo faucibus', 85146827, 'Acetato'),
(30036, 'id, erat.', 92968057, 'Casete'),
(30037, 'ac arcu.', 23889245, 'CD'),
(30038, 'risus. Donec', 23497804, 'Vinilo'),
(30039, 'purus. Duis', 57744483, 'Digital'),
(30040, 'congue, elit', 30115584, 'Acetato'),
(30041, 'erat. Etiam', 90567283, 'Casete'),
(30042, 'Curae Donec', 103943215, 'Casete'),
(30043, 'arcu. Aliquam', 73748725, 'Casete'),
(30044, 'ac risus.', 22922639, 'Vinilo'),
(30045, 'Morbi non', 47095403, 'Acetato'),
(30046, 'rutrum non,', 81253166, 'CD'),
(30047, 'Sed malesuada', 56766456, 'CD'),
(30048, 'nisl. Maecenas', 14531704, 'Vinilo'),
(30049, 'justo faucibus', 30111387, 'Acetato'),
(30050, 'adipiscing elit.', 96119496, 'Casete'),
(30051, 'rutrum eu,', 27519639, 'CD'),
(30052, 'Suspendisse aliquet', 104444668, 'Vinilo'),
(30053, 'habitant morbi', 19283243, 'Digital'),
(30054, 'pellentesque. Sed', 30002352, 'Acetato'),
(30055, 'arcu. Sed', 11363352, 'CD'),
(30056, 'dui quis', 73430173, 'Acetato'),
(30057, 'Sed nec', 17836888, 'Vinilo'),
(30058, 'natoque penatibus', 17240054, 'Vinilo'),
(30059, 'accumsan neque', 17297208, 'Vinilo'),
(30060, 'nisi. Aenean', 13974928, 'Vinilo'),
(30061, 'et, rutrum', 108812150, 'Digital'),
(30062, 'enim. Mauris', 41420430, 'Casete'),
(30063, 'dui. Suspendisse', 57510026, 'Digital'),
(30064, 'accumsan sed,', 16480078, 'Acetato'),
(30065, 'varius ultrices,', 68634753, 'Vinilo'),
(30066, 'non, egestas', 108063212, 'Vinilo'),
(30067, 'ultrices a,', 57336484, 'Digital'),
(30068, 'Donec at', 90484275, 'Digital'),
(30069, 'neque. Nullam', 97311571, 'Digital'),
(30070, 'arcu. Vestibulum', 10542380, 'Casete'),
(30071, 'nonummy. Fusce', 66593708, 'Vinilo'),
(30072, 'placerat velit.', 52816985, 'Vinilo'),
(30073, 'Vestibulum ante', 72869336, 'Casete'),
(30074, 'imperdiet ullamcorper.', 30729667, 'Acetato'),
(30075, 'rutrum magna.', 67205714, 'Casete'),
(30076, 'Nulla eget', 14073247, 'Vinilo'),
(30077, 'scelerisque, lorem', 20720773, 'Casete'),
(30078, 'nibh enim,', 81406611, 'Vinilo'),
(30079, 'velit justo', 93479672, 'Casete'),
(30080, 'a ultricies', 61662432, 'CD'),
(30081, 'egestas rhoncus.', 36745079, 'Casete'),
(30082, 'urna. Nullam', 70642729, 'Vinilo'),
(30083, 'malesuada vel,', 84311261, 'Vinilo'),
(30084, 'morbi tristique', 58587398, 'CD'),
(30085, 'Curae Donec', 73202744, 'Acetato'),
(30086, 'venenatis lacus.', 56136877, 'Vinilo'),
(30087, 'Aliquam tincidunt,', 41069716, 'CD'),
(30088, 'nec metus', 53514173, 'Casete'),
(30089, 'Proin nisl', 39576307, 'Casete'),
(30090, 'Phasellus vitae', 72569494, 'Digital'),
(30091, 'hymenaeos. Mauris', 17828821, 'Digital'),
(30092, 'Donec fringilla.', 78904746, 'Digital'),
(30093, 'at, velit.', 101805235, 'Vinilo'),
(30094, 'id, erat.', 22568170, 'Acetato'),
(30095, 'bibendum sed,', 23111079, 'Digital'),
(30096, 'morbi tristique', 34778727, 'Vinilo'),
(30097, 'non magna.', 50997321, 'Casete'),
(30098, 'vel, vulputate', 107209009, 'Casete'),
(30099, 'convallis, ante', 47697506, 'Vinilo');

--Insertar compra_material
INSERT INTO compra_material (id_compra,fecha,total)
VALUES
  (70001,'2023-12-26',339),
  (70002,'2020-12-3',501),
  (70003,'2022-07-4',414),
  (70004,'2022-07-25',563),
  (70005,'2023-07-14',825),
  (70006,'2024-09-16',867),
  (70007,'2021-08-19',1342),
  (70008,'2022-08-1',1473),
  (70009,'2021-06-16',1143),
  (70010,'2021-09-23',1187),
  (70011,'2022-01-2',295),
  (70012,'2023-08-12',223),
  (70013,'2025-02-11',658),
  (70014,'2021-11-13',428),
  (70015,'2023-11-24',1446),
  (70016,'2020-09-18',1081),
  (70017,'2023-08-4',539),
  (70018,'2023-08-25',886),
  (70019,'2022-11-13',1359),
  (70020,'2020-07-22',1078),
  (70021,'2025-05-13',502),
  (70022,'2020-06-13',973),
  (70023,'2022-12-31',1456),
  (70024,'2024-11-6',1287),
  (70025,'2022-12-28',1304),
  (70026,'2022-03-7',971),
  (70027,'2023-05-16',1007),
  (70028,'2023-12-26',1262),
  (70029,'2020-06-19',1057),
  (70030,'2024-12-15',1425),
  (70031,'2021-06-9',1089),
  (70032,'2020-09-13',836),
  (70033,'2024-07-30',1401),
  (70034,'2024-06-24',1465),
  (70035,'2021-09-29',1321),
  (70036,'2023-10-31',519),
  (70037,'2022-10-29',387),
  (70038,'2022-07-2',485),
  (70039,'2023-10-14',1183),
  (70040,'2025-01-5',245),
  (70041,'2025-01-27',1045),
  (70042,'2024-08-4',1202),
  (70043,'2021-04-7',1337),
  (70044,'2024-12-4',1285),
  (70045,'2025-05-6',382),
  (70046,'2023-05-11',1318),
  (70047,'2020-06-20',627),
  (70048,'2023-09-26',636),
  (70049,'2024-11-9',239),
  (70050,'2022-07-20',825),
  (70051,'2023-05-18',762),
  (70052,'2023-04-1',302),
  (70053,'2024-09-27',976),
  (70054,'2023-04-26',869),
  (70055,'2025-05-4',1369),
  (70056,'2024-05-12',389),
  (70057,'2021-12-21',1387),
  (70058,'2023-08-14',1252),
  (70059,'2021-03-10',343),
  (70060,'2023-01-16',1457),
  (70061,'2023-05-26',1057),
  (70062,'2023-07-1',1101),
  (70063,'2024-02-11',517),
  (70064,'2020-09-20',1128),
  (70065,'2025-01-23',1030),
  (70066,'2025-01-15',1053),
  (70067,'2021-08-5',264),
  (70068,'2021-08-11',1472),
  (70069,'2024-02-2',1077),
  (70070,'2025-03-15',268),
  (70071,'2021-07-10',473),
  (70072,'2024-09-26',1342),
  (70073,'2020-07-7',1282),
  (70074,'2024-07-27',471),
  (70075,'2025-05-20',1377),
  (70076,'2023-10-21',306),
  (70077,'2025-02-17',445),
  (70078,'2022-09-24',284),
  (70079,'2020-08-5',1177),
  (70080,'2020-08-28',519),
  (70081,'2024-01-5',976),
  (70082,'2023-07-25',547),
  (70083,'2022-01-16',319),
  (70084,'2020-07-23',1017),
  (70085,'2020-07-25',1187),
  (70086,'2021-02-1',979),
  (70087,'2021-09-27',1471),
  (70088,'2024-08-15',1124),
  (70089,'2021-04-24',658),
  (70090,'2024-02-5',428),
  (70091,'2025-04-7',1193),
  (70092,'2022-10-24',1077),
  (70093,'2023-07-31',599),
  (70094,'2021-04-29',840),
  (70095,'2022-02-27',1178),
  (70096,'2022-10-11',205),
  (70097,'2022-03-4',678),
  (70098,'2024-10-4',832),
  (70099,'2022-11-27',1002),
  (70100,'2024-04-16',1405);
  
-- Insertar producto_compra_material
INSERT INTO producto_compra_material (id_producto, nombre_producto, id_compra) 
VALUES
(30001, 'Digital', 70001),
(30002, 'CD', 70002),
(30003, 'Casete', 70003),
(30004, 'Casete', 70004),
(30005, 'Casete', 70005),
(30006, 'Vinilo', 70006),
(30007, 'CD', 70007),
(30008, 'Acetato', 70008),
(30009, 'Casete', 70009),
(30010, 'Acetato', 70010),
(30011, 'Casete', 70011),
(30012, 'CD', 70012),
(30013, 'CD', 70013),
(30014, 'Casete', 70014),
(30015, 'Casete', 70015),
(30016, 'Digital', 70016),
(30017, 'Digital', 70017),
(30018, 'Casete', 70018),
(30019, 'Vinilo', 70019),
(30020, 'Vinilo', 70020),
(30021, 'Digital', 70021),
(30022, 'Vinilo', 70022),
(30023, 'Acetato', 70023),
(30024, 'Digital', 70024),
(30025, 'Digital', 70025),
(30026, 'Digital', 70026),
(30027, 'Acetato', 70027),
(30028, 'Vinilo', 70028),
(30029, 'Vinilo', 70029),
(30030, 'Vinilo', 70030),
(30031, 'Vinilo', 70031),
(30032, 'Casete', 70032),
(30033, 'Casete', 70033),
(30034, 'Casete', 70034),
(30035, 'Acetato', 70035),
(30036, 'Casete', 70036),
(30037, 'CD', 70037),
(30038, 'Vinilo', 70038),
(30039, 'Digital', 70039),
(30040, 'Acetato', 70040),
(30041, 'Casete', 70041),
(30042, 'Casete', 70042),
(30043, 'Casete', 70043),
(30044, 'Vinilo', 70044),
(30045, 'Acetato', 70045),
(30046, 'CD', 70046),
(30047, 'CD', 70047),
(30048, 'Vinilo', 70048),
(30049, 'Acetato', 70049),
(30050, 'Casete', 70050),
(30051, 'CD', 70051),
(30052, 'Vinilo', 70052),
(30053, 'Digital', 70053),
(30054, 'Acetato', 70054),
(30055, 'CD', 70055),
(30056, 'Acetato', 70056),
(30057, 'Vinilo', 70057),
(30058, 'Vinilo', 70058),
(30059, 'Vinilo', 70059),
(30060, 'Vinilo', 70060),
(30061, 'Digital', 70061),
(30062, 'Casete', 70062),
(30063, 'Digital', 70063),
(30064, 'Acetato', 70064),
(30065, 'Vinilo', 70065),
(30066, 'Vinilo', 70066),
(30067, 'Digital', 70067),
(30068, 'Digital', 70068),
(30069, 'Digital', 70069),
(30070, 'Casete', 70070),
(30071, 'Vinilo', 70071),
(30072, 'Vinilo', 70072),
(30073, 'Casete', 70073),
(30074, 'Acetato', 70074),
(30075, 'Casete', 70075),
(30076, 'Vinilo', 70076),
(30077, 'Casete', 70077),
(30078, 'Vinilo', 70078),
(30079, 'Casete', 70079),
(30080, 'CD', 70080),
(30081, 'Casete', 70081),
(30082, 'Vinilo', 70082),
(30083, 'Vinilo', 70083),
(30084, 'CD', 70084),
(30085, 'Acetato', 70085),
(30086, 'Vinilo', 70086),
(30087, 'CD', 70087),
(30088, 'Casete', 70088),
(30089, 'Casete', 70089),
(30090, 'Digital', 70090),
(30091, 'Digital', 70091),
(30092, 'Digital', 70092),
(30093, 'Vinilo', 70093),
(30094, 'Acetato', 70094),
(30095, 'Digital', 70095),
(30096, 'Vinilo', 70096),
(30097, 'Casete', 70097),
(30098, 'Casete', 70098),
(30099, 'Vinilo', 70099),
(30100, 'Vinilo', 70100);

-- Insertar cliente_nombre
INSERT INTO cliente_nombre (id_nombre,nombre,apellido_paterno,apellido_materno)
VALUES
  (80001,'Bori','Kess','Elij'),
  (80002,'Iren','Carl','Inga'),
  (80003,'Nita','Brend','Vann'),
  (80004,'Chri','Norm','Aile'),
  (80005,'Tyle','Mage','Vivi'),
  (80006,'Urie','Paul','Geor'),
  (80007,'Jama','Cali','Mine'),
  (80008,'Kirs','Chaim','Kiar'),
  (80009,'Mary','Cass','Char'),
  (80010,'Debo','Shan','Xant'),
  (80011,'Byro','Benj','Ursa'),
  (80012,'Lama','Diet','Hiro'),
  (80013,'Fait','Hamm','Vlad'),
  (80014,'Jenn','Flyn','Luca'),
  (80015,'Zena','Susa','Forr'),
  (80016,'Nehr','Libb','Than'),
  (80017,'Meli','Hira','Oleg'),
  (80018,'Shel','Josh','Shea'),
  (80019,'Magg','Josh','Kaye'),
  (80020,'Len','Aris','Call');
  
  
-- Insertar cliente_direccion
INSERT INTO cliente_direccion (id_direccion,calle,colonia,numero)
VALUES
  (90001,'Genk','Tarnów','109'),
  (90002,'Luziânia','Mérida','64'),
  (90003,'Polokwane','Ila','126'),
  (90004,'Dublin','João Pessoa','214'),
  (90005,'Pontarlier','Pukekohe','445'),
  (90006,'Soma','Siheung','449'),
  (90007,'Ghanche','Belfast','320'),
  (90008,'Haisyn','Antalya','18'),
  (90009,'Manukau','Hervey Bay','102'),
  (90010,'Siedlce','Berlin','215'),
  (90011,'Melitopol','Skövde','32'),
  (90012,'Suncheon','Uman','14'),
  (90013,'Przemyśl','La Magdeleine','22'),
  (90014,'Palembang','Semarang','317'),
  (90015,'Bauchi','Hofors','361'),
  (90016,'North Waziristan','Wellington','409'),
  (90017,'Bukittinggi','Mogi das Cruzes','239'),
  (90018,'Melilla','Barranca','495'),
  (90019,'Trujillo','Independence','353'),
  (90020,'Hildesheim','Norfolk','256');
  
-- Insertar cliente
INSERT INTO cliente (id_cliente,id_nombre,id_direccion,telefono)
VALUES
  (100001,80001,90001,'3267426254'),
  (100002,80002,90002,'9657663307'),
  (100003,80003,90003,'9141312811'),
  (100004,80004,90004,'8261785681'),
  (100005,80005,90005,'3587048075'),
  (100006,80006,90006,'6144068582'),
  (100007,80007,90007,'4165532185'),
  (100008,80008,90008,'8575432276'),
  (100009,80009,90009,'2777517186'),
  (100010,80010,90010,'3423278765'),
  (100011,80011,90011,'8042593661'),
  (100012,80012,90012,'6659118351'),
  (100013,80013,90013,'7541902521'),
  (100014,80014,90014,'3783296489'),
  (100015,80015,90015,'2687473589'),
  (100016,80016,90016,'8586279203'),
  (100017,80017,90017,'5440553193'),
  (100018,80018,90018,'9084355557'),
  (100019,80019,90019,'8691231473'),
  (100020,80020,90020,'8926166036');
  
-- Insertar producto_cliente
INSERT INTO producto_cliente (id_producto, nombre_producto, id_cliente) VALUES
(30001, 'Digital', 100001),
(30002, 'CD', 100002),
(30003, 'Casete', 100003),
(30004, 'Casete', 100004),
(30005, 'Casete', 100005),
(30006, 'Vinilo', 100006),
(30007, 'CD', 100007),
(30008, 'Acetato', 100008),
(30009, 'Casete', 100009),
(30010, 'Acetato', 100010),
(30011, 'Casete', 100011),
(30012, 'CD', 100012),
(30013, 'CD', 100013),
(30014, 'Casete', 100014),
(30015, 'Casete', 100015),
(30016, 'Digital', 100016),
(30017, 'Digital', 100017),
(30018, 'Casete', 100018),
(30019, 'Vinilo', 100019),
(30020, 'Vinilo', 100020);


-- sucursal_direccion

insert into sucursal_direccion (id_direccion, calle, colonia, numero) values (1, 'Dahle', 'Junction', '350');
insert into sucursal_direccion (id_direccion, calle, colonia, numero) values (2, 'Crowley', 'Center', '4');
insert into sucursal_direccion (id_direccion, calle, colonia, numero) values (3, 'South', 'Parkway', '279');
insert into sucursal_direccion (id_direccion, calle, colonia, numero) values (4, 'Mccormick', 'Crossing', '51261');
insert into sucursal_direccion (id_direccion, calle, colonia, numero) values (5, 'Caliangt', 'Alley', '63928');
insert into sucursal_direccion (id_direccion, calle, colonia, numero) values (6, 'Mariners Cove', 'Court', '94');
insert into sucursal_direccion (id_direccion, calle, colonia, numero) values (7, 'Pine View', 'Pass', '0');
insert into sucursal_direccion (id_direccion, calle, colonia, numero) values (8, 'Quincy', 'Alley', '7873');
insert into sucursal_direccion (id_direccion, calle, colonia, numero) values (9, 'Anniversary', 'Trail', '55');
insert into sucursal_direccion (id_direccion, calle, colonia, numero) values (10, 'Browning', 'Way', '4815');


-- sucursal

insert into sucursal (id_sucursal, nombre, id_direccion) values (1, 'Sucursal A', 1);
insert into sucursal (id_sucursal, nombre, id_direccion) values (2, 'Sucursal B', 2);
insert into sucursal (id_sucursal, nombre, id_direccion) values (3, 'Sucursal C', 3);
insert into sucursal (id_sucursal, nombre, id_direccion) values (4, 'Sucursal D', 4);
insert into sucursal (id_sucursal, nombre, id_direccion) values (5, 'Sucursal E', 5);
insert into sucursal (id_sucursal, nombre, id_direccion) values (6, 'Sucursal F', 6);
insert into sucursal (id_sucursal, nombre, id_direccion) values (7, 'Sucursal G', 7);
insert into sucursal (id_sucursal, nombre, id_direccion) values (8, 'Sucursal H', 8);
insert into sucursal (id_sucursal, nombre, id_direccion) values (9, 'Sucursal I', 9);
insert into sucursal (id_sucursal, nombre, id_direccion) values (10, 'Sucursal J', 10);


-- producto_sucursal

-- Insertar los datos en la tabla producto_sucursal
INSERT INTO producto_sucursal (id_producto, nombre_producto, id_sucursal) VALUES
(30001,'Digital', 1),
(30002, 'CD', 2),
(30003, 'Casete', 3),
(30004, 'Casete', 4),
(30005, 'Casete', 5),
(30006, 'Vinilo', 6),
(30007, 'CD', 7),
(30008, 'Acetato', 8),
(30009, 'Casete', 9),
(30010, 'Acetato', 10),
(30011, 'Casete', 1),
(30012, 'CD', 2),
(30013, 'CD', 3),
(30014, 'Casete', 4),
(30015, 'Casete', 5),
(30016, 'Digital', 6),
(30017, 'Digital', 7),
(30018, 'Casete', 8),
(30019, 'Vinilo', 9),
(30020, 'Vinilo', 10),
(30021, 'Digital', 1),
(30022, 'Vinilo', 2),
(30023, 'Acetato', 3),
(30024, 'Digital', 4),
(30025, 'Digital', 5),
(30026, 'Digital', 6),
(30027, 'Acetato', 7),
(30028, 'Vinilo', 8),
(30029, 'Vinilo', 9),
(30030, 'Vinilo', 10),
(30031, 'Vinilo', 1),
(30032, 'Casete', 2),
(30033, 'Casete', 3),
(30034, 'Casete', 4),
(30035, 'Acetato', 5),
(30036, 'Casete', 6),
(30037, 'CD', 7),
(30038, 'Vinilo', 8),
(30039, 'Digital', 9),
(30040, 'Acetato', 10),
(30041, 'Casete', 1),
(30042, 'Casete', 2),
(30043, 'Casete', 3),
(30044, 'Vinilo', 4),
(30045, 'Acetato', 5),
(30046, 'CD', 6),
(30047, 'CD', 7),
(30048, 'Vinilo', 8),
(30049, 'Acetato', 9),
(30050, 'Casete', 10),
(30051, 'CD', 1),
(30052, 'Vinilo', 2),
(30053, 'Digital', 3),
(30054, 'Acetato', 4),
(30055, 'CD', 5),
(30056, 'Acetato', 6),
(30057, 'Vinilo', 7),
(30058, 'Vinilo', 8),
(30059, 'Vinilo', 9),
(30060, 'Vinilo', 10),
(30061, 'Digital', 1),
(30062, 'Casete', 2),
(30063, 'Digital', 3),
(30064, 'Acetato', 4),
(30065, 'Vinilo', 5),
(30066, 'Vinilo', 6),
(30067, 'Digital', 7),
(30068, 'Digital', 8),
(30069, 'Digital', 9),
(30070, 'Casete', 10),
(30071, 'Vinilo', 1),
(30072, 'Vinilo', 2),
(30073, 'Casete', 3),
(30074, 'Acetato', 4),
(30075, 'Casete', 5),
(30076, 'Vinilo', 6),
(30077, 'Casete', 7),
(30078, 'Vinilo', 8),
(30079, 'Casete', 9),
(30080, 'CD', 10),
(30081, 'Casete', 1),
(30082, 'Vinilo', 2),
(30083, 'Vinilo', 3),
(30084, 'CD', 4),
(30085, 'Acetato', 5),
(30086, 'Vinilo', 6),
(30087, 'CD', 7),
(30088, 'Casete', 8),
(30089, 'Casete', 9),
(30090, 'Digital', 10),
(30091, 'Digital', 1),
(30092, 'Digital', 2),
(30093, 'Vinilo', 3),
(30094, 'Acetato', 4),
(30095, 'Digital', 5),
(30096, 'Vinilo', 6),
(30097, 'Casete', 7),
(30098, 'Casete', 8),
(30099, 'Vinilo', 9),
(30100, 'Vinilo', 10);


-- empleado_nombre

insert into empleado_nombre (id_nombre, nombre, apellido_paterno, apellido_materno) values (1, 'Hillard', 'Batho', 'Murton');
insert into empleado_nombre (id_nombre, nombre, apellido_paterno, apellido_materno) values (2, 'Audrey', 'Tingle', 'Whild');
insert into empleado_nombre (id_nombre, nombre, apellido_paterno, apellido_materno) values (3, 'Arly', 'Benthall', 'Di Biasi');
insert into empleado_nombre (id_nombre, nombre, apellido_paterno, apellido_materno) values (4, 'Erick', 'McQuirter', 'Vallow');
insert into empleado_nombre (id_nombre, nombre, apellido_paterno, apellido_materno) values (5, 'Hagen', 'Doe', 'Dullard');
insert into empleado_nombre (id_nombre, nombre, apellido_paterno, apellido_materno) values (6, 'Noelyn', 'Ducker', 'Kinloch');
insert into empleado_nombre (id_nombre, nombre, apellido_paterno, apellido_materno) values (7, 'Kakalina', 'Ditchett', 'Fassan');
insert into empleado_nombre (id_nombre, nombre, apellido_paterno, apellido_materno) values (8, 'Tommie', 'Uttermare', 'Rudram');
insert into empleado_nombre (id_nombre, nombre, apellido_paterno, apellido_materno) values (9, 'Fey', 'Fortnam', 'Bernot');
insert into empleado_nombre (id_nombre, nombre, apellido_paterno, apellido_materno) values (10, 'Ali', 'Cadalleder', 'Mcettrick');
insert into empleado_nombre (id_nombre, nombre, apellido_paterno, apellido_materno) values (11, 'Thelma', 'Walstow', 'Carvilla');
insert into empleado_nombre (id_nombre, nombre, apellido_paterno, apellido_materno) values (12, 'Tadd', 'Tuminini', 'Snassell');
insert into empleado_nombre (id_nombre, nombre, apellido_paterno, apellido_materno) values (13, 'Sonja', 'Gwin', 'Heinsen');
insert into empleado_nombre (id_nombre, nombre, apellido_paterno, apellido_materno) values (14, 'Christopher', 'Brotherhead', 'Fieldhouse');
insert into empleado_nombre (id_nombre, nombre, apellido_paterno, apellido_materno) values (15, 'Mae', 'Pleass', 'Perceval');
insert into empleado_nombre (id_nombre, nombre, apellido_paterno, apellido_materno) values (16, 'Francklyn', 'Olyfat', 'McNeish');
insert into empleado_nombre (id_nombre, nombre, apellido_paterno, apellido_materno) values (17, 'Maud', 'Corradeschi', 'Joontjes');
insert into empleado_nombre (id_nombre, nombre, apellido_paterno, apellido_materno) values (18, 'Christen', 'Kenealy', 'McGuff');
insert into empleado_nombre (id_nombre, nombre, apellido_paterno, apellido_materno) values (19, 'Cam', 'MacTeggart', 'Bramham');
insert into empleado_nombre (id_nombre, nombre, apellido_paterno, apellido_materno) values (20, 'Danny', 'Smither', 'Brimman');
insert into empleado_nombre (id_nombre, nombre, apellido_paterno, apellido_materno) values (21, 'Nina', 'Fydoe', 'Callar');
insert into empleado_nombre (id_nombre, nombre, apellido_paterno, apellido_materno) values (22, 'Abigael', 'Forsdike', 'Pescud');
insert into empleado_nombre (id_nombre, nombre, apellido_paterno, apellido_materno) values (23, 'Nero', 'St Angel', 'Espine');
insert into empleado_nombre (id_nombre, nombre, apellido_paterno, apellido_materno) values (24, 'Toby', 'McCabe', 'Olijve');
insert into empleado_nombre (id_nombre, nombre, apellido_paterno, apellido_materno) values (25, 'Allie', 'Sabathier', 'Kindall');
insert into empleado_nombre (id_nombre, nombre, apellido_paterno, apellido_materno) values (26, 'Jefferey', 'Flounders', 'Morrowe');
insert into empleado_nombre (id_nombre, nombre, apellido_paterno, apellido_materno) values (27, 'Dave', 'Ensor', 'Astupenas');
insert into empleado_nombre (id_nombre, nombre, apellido_paterno, apellido_materno) values (28, 'Arel', 'Gitthouse', 'Kettlestring');
insert into empleado_nombre (id_nombre, nombre, apellido_paterno, apellido_materno) values (29, 'Berkeley', 'Jekyll', 'Linnitt');
insert into empleado_nombre (id_nombre, nombre, apellido_paterno, apellido_materno) values (30, 'Lyle', 'Hurdidge', 'Swede');
insert into empleado_nombre (id_nombre, nombre, apellido_paterno, apellido_materno) values (31, 'Gilly', 'Szymonowicz', 'Drohun');
insert into empleado_nombre (id_nombre, nombre, apellido_paterno, apellido_materno) values (32, 'Bentlee', 'Brownbridge', 'Tant');
insert into empleado_nombre (id_nombre, nombre, apellido_paterno, apellido_materno) values (33, 'Nata', 'Gerrey', 'Ostick');
insert into empleado_nombre (id_nombre, nombre, apellido_paterno, apellido_materno) values (34, 'Jodee', 'O''Giany', 'Rens');
insert into empleado_nombre (id_nombre, nombre, apellido_paterno, apellido_materno) values (35, 'Shaylyn', 'Puzey', 'Meek');
insert into empleado_nombre (id_nombre, nombre, apellido_paterno, apellido_materno) values (36, 'Corene', 'Hurne', 'Roseaman');
insert into empleado_nombre (id_nombre, nombre, apellido_paterno, apellido_materno) values (37, 'Egan', 'Romaint', 'Townrow');
insert into empleado_nombre (id_nombre, nombre, apellido_paterno, apellido_materno) values (38, 'Sarine', 'Quiddinton', 'Puckrin');
insert into empleado_nombre (id_nombre, nombre, apellido_paterno, apellido_materno) values (39, 'Brewster', 'Lemary', 'Stockdale');
insert into empleado_nombre (id_nombre, nombre, apellido_paterno, apellido_materno) values (40, 'Joanie', 'Briance', 'Tonbridge');
insert into empleado_nombre (id_nombre, nombre, apellido_paterno, apellido_materno) values (41, 'Antonin', 'Bedford', 'Matteotti');
insert into empleado_nombre (id_nombre, nombre, apellido_paterno, apellido_materno) values (42, 'Ardisj', 'Cronin', 'Matveyev');
insert into empleado_nombre (id_nombre, nombre, apellido_paterno, apellido_materno) values (43, 'Kristoforo', 'Fuzzens', 'Kelshaw');
insert into empleado_nombre (id_nombre, nombre, apellido_paterno, apellido_materno) values (44, 'Mata', 'Bartczak', 'Load');
insert into empleado_nombre (id_nombre, nombre, apellido_paterno, apellido_materno) values (45, 'Anneliese', 'Trammel', 'Duthie');
insert into empleado_nombre (id_nombre, nombre, apellido_paterno, apellido_materno) values (46, 'Homerus', 'Rubinchik', 'Monkley');
insert into empleado_nombre (id_nombre, nombre, apellido_paterno, apellido_materno) values (47, 'Ivie', 'Dunrige', 'Tue');
insert into empleado_nombre (id_nombre, nombre, apellido_paterno, apellido_materno) values (48, 'Joby', 'McPhelimey', 'Allery');
insert into empleado_nombre (id_nombre, nombre, apellido_paterno, apellido_materno) values (49, 'Dorrie', 'Pedwell', 'Parkey');
insert into empleado_nombre (id_nombre, nombre, apellido_paterno, apellido_materno) values (50, 'Selie', 'Brunini', 'Vanichev');
insert into empleado_nombre (id_nombre, nombre, apellido_paterno, apellido_materno) values (51, 'Georgiana', 'Ferroli', 'Donald');
insert into empleado_nombre (id_nombre, nombre, apellido_paterno, apellido_materno) values (52, 'Onida', 'Gatheral', 'Bryson');
insert into empleado_nombre (id_nombre, nombre, apellido_paterno, apellido_materno) values (53, 'Gisela', 'MacNamee', 'Hayter');
insert into empleado_nombre (id_nombre, nombre, apellido_paterno, apellido_materno) values (54, 'Amity', 'Twyford', 'McClifferty');
insert into empleado_nombre (id_nombre, nombre, apellido_paterno, apellido_materno) values (55, 'Leonore', 'Dottrell', 'Greydon');
insert into empleado_nombre (id_nombre, nombre, apellido_paterno, apellido_materno) values (56, 'Felice', 'Alexsandrowicz', 'Chillingworth');
insert into empleado_nombre (id_nombre, nombre, apellido_paterno, apellido_materno) values (57, 'Meredith', 'Daen', 'Sapsed');
insert into empleado_nombre (id_nombre, nombre, apellido_paterno, apellido_materno) values (58, 'Kiley', 'Monckman', 'Bruck');
insert into empleado_nombre (id_nombre, nombre, apellido_paterno, apellido_materno) values (59, 'Terrance', 'Booi', 'Bothams');
insert into empleado_nombre (id_nombre, nombre, apellido_paterno, apellido_materno) values (60, 'Hermon', 'Whitehurst', 'McOrkill');
insert into empleado_nombre (id_nombre, nombre, apellido_paterno, apellido_materno) values (61, 'Tonya', 'Lidster', 'Bysaker');
insert into empleado_nombre (id_nombre, nombre, apellido_paterno, apellido_materno) values (62, 'Bel', 'Rosa', 'Halshaw');
insert into empleado_nombre (id_nombre, nombre, apellido_paterno, apellido_materno) values (63, 'Rand', 'Scown', 'Juan');
insert into empleado_nombre (id_nombre, nombre, apellido_paterno, apellido_materno) values (64, 'Bendick', 'Isenor', 'Prestner');
insert into empleado_nombre (id_nombre, nombre, apellido_paterno, apellido_materno) values (65, 'Carita', 'Hachard', 'Resdale');
insert into empleado_nombre (id_nombre, nombre, apellido_paterno, apellido_materno) values (66, 'Bobby', 'Vlasov', 'Keneford');
insert into empleado_nombre (id_nombre, nombre, apellido_paterno, apellido_materno) values (67, 'Donall', 'Starkings', 'Drakeley');
insert into empleado_nombre (id_nombre, nombre, apellido_paterno, apellido_materno) values (68, 'Ash', 'Baniard', 'Hazeup');
insert into empleado_nombre (id_nombre, nombre, apellido_paterno, apellido_materno) values (69, 'Francisco', 'Gasking', 'Waple');
insert into empleado_nombre (id_nombre, nombre, apellido_paterno, apellido_materno) values (70, 'Dallas', 'Stickells', 'Orys');
insert into empleado_nombre (id_nombre, nombre, apellido_paterno, apellido_materno) values (71, 'Libbey', 'Bullers', 'McGinley');
insert into empleado_nombre (id_nombre, nombre, apellido_paterno, apellido_materno) values (72, 'Eydie', 'Ahrens', 'Somerled');
insert into empleado_nombre (id_nombre, nombre, apellido_paterno, apellido_materno) values (73, 'Haleigh', 'Tenman', 'Schuricke');
insert into empleado_nombre (id_nombre, nombre, apellido_paterno, apellido_materno) values (74, 'Dov', 'Carnow', 'Shea');
insert into empleado_nombre (id_nombre, nombre, apellido_paterno, apellido_materno) values (75, 'Betteanne', 'Sowle', 'Davidson');
insert into empleado_nombre (id_nombre, nombre, apellido_paterno, apellido_materno) values (76, 'Shepperd', 'O''Criane', 'Kingett');
insert into empleado_nombre (id_nombre, nombre, apellido_paterno, apellido_materno) values (77, 'Bevin', 'Hay', 'Gooms');
insert into empleado_nombre (id_nombre, nombre, apellido_paterno, apellido_materno) values (78, 'Kelsy', 'Pays', 'Sinnie');
insert into empleado_nombre (id_nombre, nombre, apellido_paterno, apellido_materno) values (79, 'Peyton', 'Dibdale', 'Teal');
insert into empleado_nombre (id_nombre, nombre, apellido_paterno, apellido_materno) values (80, 'Wynnie', 'Faulkener', 'Barday');
insert into empleado_nombre (id_nombre, nombre, apellido_paterno, apellido_materno) values (81, 'Andris', 'Alben', 'Fitzpayn');
insert into empleado_nombre (id_nombre, nombre, apellido_paterno, apellido_materno) values (82, 'Perl', 'Slyford', 'Akroyd');
insert into empleado_nombre (id_nombre, nombre, apellido_paterno, apellido_materno) values (83, 'Mitchael', 'Giorio', 'Bapty');
insert into empleado_nombre (id_nombre, nombre, apellido_paterno, apellido_materno) values (84, 'Quintana', 'Antliff', 'Raigatt');
insert into empleado_nombre (id_nombre, nombre, apellido_paterno, apellido_materno) values (85, 'Ray', 'Bachelar', 'Handmore');
insert into empleado_nombre (id_nombre, nombre, apellido_paterno, apellido_materno) values (86, 'Aurel', 'Pawellek', 'Rafter');
insert into empleado_nombre (id_nombre, nombre, apellido_paterno, apellido_materno) values (87, 'Adamo', 'Narey', 'Lemmers');
insert into empleado_nombre (id_nombre, nombre, apellido_paterno, apellido_materno) values (88, 'Robinet', 'Vitall', 'Hane');
insert into empleado_nombre (id_nombre, nombre, apellido_paterno, apellido_materno) values (89, 'Malina', 'Pennick', 'Gifkins');
insert into empleado_nombre (id_nombre, nombre, apellido_paterno, apellido_materno) values (90, 'Garrik', 'Oloshkin', 'McTeague');
insert into empleado_nombre (id_nombre, nombre, apellido_paterno, apellido_materno) values (91, 'Rollin', 'Daouse', 'Roizin');
insert into empleado_nombre (id_nombre, nombre, apellido_paterno, apellido_materno) values (92, 'Trina', 'Harefoot', 'Tinan');
insert into empleado_nombre (id_nombre, nombre, apellido_paterno, apellido_materno) values (93, 'Shana', 'Wateridge', 'Tebb');
insert into empleado_nombre (id_nombre, nombre, apellido_paterno, apellido_materno) values (94, 'Homere', 'Behrens', 'Gibb');
insert into empleado_nombre (id_nombre, nombre, apellido_paterno, apellido_materno) values (95, 'Lissi', 'Jell', 'Jacmar');
insert into empleado_nombre (id_nombre, nombre, apellido_paterno, apellido_materno) values (96, 'Freida', 'Oliver', 'Venney');
insert into empleado_nombre (id_nombre, nombre, apellido_paterno, apellido_materno) values (97, 'Liv', 'Scammell', 'Le Gall');
insert into empleado_nombre (id_nombre, nombre, apellido_paterno, apellido_materno) values (98, 'Shari', 'Abramowitch', 'Woods');
insert into empleado_nombre (id_nombre, nombre, apellido_paterno, apellido_materno) values (99, 'Elly', 'Rouch', 'Pendered');
insert into empleado_nombre (id_nombre, nombre, apellido_paterno, apellido_materno) values (100, 'Victoria', 'Schultze', 'Bedson');


-- empleado_direccion

insert into empleado_direccion (id_direccion, calle, colonia, numero) values (1, 'American', 'Crossing', '2');
insert into empleado_direccion (id_direccion, calle, colonia, numero) values (2, 'Blackbird', 'Park', '59');
insert into empleado_direccion (id_direccion, calle, colonia, numero) values (3, 'Oak Valley', 'Way', '69');
insert into empleado_direccion (id_direccion, calle, colonia, numero) values (4, 'Macpherson', 'Court', '5');
insert into empleado_direccion (id_direccion, calle, colonia, numero) values (5, 'Nancy', 'Trail', '8082');
insert into empleado_direccion (id_direccion, calle, colonia, numero) values (6, 'Onsgard', 'Center', '82722');
insert into empleado_direccion (id_direccion, calle, colonia, numero) values (7, 'Buhler', 'Pass', '0');
insert into empleado_direccion (id_direccion, calle, colonia, numero) values (8, 'Graceland', 'Trail', '482');
insert into empleado_direccion (id_direccion, calle, colonia, numero) values (9, 'Badeau', 'Avenue', '4480');
insert into empleado_direccion (id_direccion, calle, colonia, numero) values (10, 'Lunder', 'Crossing', '763');
insert into empleado_direccion (id_direccion, calle, colonia, numero) values (11, 'Eastlawn', 'Parkway', '79771');
insert into empleado_direccion (id_direccion, calle, colonia, numero) values (12, 'Ludington', 'Plaza', '12763');
insert into empleado_direccion (id_direccion, calle, colonia, numero) values (13, 'Fairfield', 'Lane', '66997');
insert into empleado_direccion (id_direccion, calle, colonia, numero) values (14, 'Londonderry', 'Circle', '87969');
insert into empleado_direccion (id_direccion, calle, colonia, numero) values (15, 'Meadow Valley', 'Trail', '6169');
insert into empleado_direccion (id_direccion, calle, colonia, numero) values (16, 'Novick', 'Center', '54028');
insert into empleado_direccion (id_direccion, calle, colonia, numero) values (17, 'Towne', 'Street', '477');
insert into empleado_direccion (id_direccion, calle, colonia, numero) values (18, 'Morning', 'Junction', '55');
insert into empleado_direccion (id_direccion, calle, colonia, numero) values (19, 'Thierer', 'Park', '301');
insert into empleado_direccion (id_direccion, calle, colonia, numero) values (20, 'Mockingbird', 'Place', '92331');
insert into empleado_direccion (id_direccion, calle, colonia, numero) values (21, 'Garrison', 'Trail', '910');
insert into empleado_direccion (id_direccion, calle, colonia, numero) values (22, 'Loftsgordon', 'Road', '8601');
insert into empleado_direccion (id_direccion, calle, colonia, numero) values (23, '3rd', 'Street', '24');
insert into empleado_direccion (id_direccion, calle, colonia, numero) values (24, 'Monument', 'Court', '540');
insert into empleado_direccion (id_direccion, calle, colonia, numero) values (25, 'Carioca', 'Plaza', '52');
insert into empleado_direccion (id_direccion, calle, colonia, numero) values (26, 'Dennis', 'Parkway', '8901');
insert into empleado_direccion (id_direccion, calle, colonia, numero) values (27, 'Amoth', 'Plaza', '23');
insert into empleado_direccion (id_direccion, calle, colonia, numero) values (28, 'Forster', 'Trail', '9');
insert into empleado_direccion (id_direccion, calle, colonia, numero) values (29, 'Chinook', 'Place', '07992');
insert into empleado_direccion (id_direccion, calle, colonia, numero) values (30, 'Hintze', 'Parkway', '575');
insert into empleado_direccion (id_direccion, calle, colonia, numero) values (31, 'Anthes', 'Place', '198');
insert into empleado_direccion (id_direccion, calle, colonia, numero) values (32, 'Hansons', 'Hill', '4067');
insert into empleado_direccion (id_direccion, calle, colonia, numero) values (33, 'Pleasure', 'Terrace', '614');
insert into empleado_direccion (id_direccion, calle, colonia, numero) values (34, 'Old Shore', 'Pass', '41702');
insert into empleado_direccion (id_direccion, calle, colonia, numero) values (35, 'Melby', 'Hill', '5143');
insert into empleado_direccion (id_direccion, calle, colonia, numero) values (36, 'Mariners Cove', 'Hill', '43');
insert into empleado_direccion (id_direccion, calle, colonia, numero) values (37, 'David', 'Place', '6201');
insert into empleado_direccion (id_direccion, calle, colonia, numero) values (38, 'Merrick', 'Trail', '993');
insert into empleado_direccion (id_direccion, calle, colonia, numero) values (39, 'Thackeray', 'Avenue', '1488');
insert into empleado_direccion (id_direccion, calle, colonia, numero) values (40, 'Longview', 'Alley', '69669');
insert into empleado_direccion (id_direccion, calle, colonia, numero) values (41, 'Straubel', 'Plaza', '1');
insert into empleado_direccion (id_direccion, calle, colonia, numero) values (42, 'Anniversary', 'Park', '259');
insert into empleado_direccion (id_direccion, calle, colonia, numero) values (43, 'Bellgrove', 'Trail', '441');
insert into empleado_direccion (id_direccion, calle, colonia, numero) values (44, 'Warbler', 'Point', '33767');
insert into empleado_direccion (id_direccion, calle, colonia, numero) values (45, 'Upham', 'Park', '740');
insert into empleado_direccion (id_direccion, calle, colonia, numero) values (46, 'Mcbride', 'Point', '27092');
insert into empleado_direccion (id_direccion, calle, colonia, numero) values (47, 'Northridge', 'Parkway', '26487');
insert into empleado_direccion (id_direccion, calle, colonia, numero) values (48, 'Scott', 'Plaza', '742');
insert into empleado_direccion (id_direccion, calle, colonia, numero) values (49, 'Amoth', 'Junction', '1');
insert into empleado_direccion (id_direccion, calle, colonia, numero) values (50, 'Rutledge', 'Drive', '756');
insert into empleado_direccion (id_direccion, calle, colonia, numero) values (51, 'Morning', 'Center', '9923');
insert into empleado_direccion (id_direccion, calle, colonia, numero) values (52, 'Fremont', 'Point', '40025');
insert into empleado_direccion (id_direccion, calle, colonia, numero) values (53, 'Glacier Hill', 'Plaza', '8275');
insert into empleado_direccion (id_direccion, calle, colonia, numero) values (54, 'Hoffman', 'Plaza', '4');
insert into empleado_direccion (id_direccion, calle, colonia, numero) values (55, 'Burrows', 'Way', '2281');
insert into empleado_direccion (id_direccion, calle, colonia, numero) values (56, 'Emmet', 'Circle', '40747');
insert into empleado_direccion (id_direccion, calle, colonia, numero) values (57, 'Randy', 'Place', '81315');
insert into empleado_direccion (id_direccion, calle, colonia, numero) values (58, 'Larry', 'Junction', '264');
insert into empleado_direccion (id_direccion, calle, colonia, numero) values (59, 'Butternut', 'Place', '38447');
insert into empleado_direccion (id_direccion, calle, colonia, numero) values (60, 'Bobwhite', 'Plaza', '24');
insert into empleado_direccion (id_direccion, calle, colonia, numero) values (61, 'Magdeline', 'Court', '94');
insert into empleado_direccion (id_direccion, calle, colonia, numero) values (62, 'Oriole', 'Road', '3136');
insert into empleado_direccion (id_direccion, calle, colonia, numero) values (63, 'Hollow Ridge', 'Junction', '8');
insert into empleado_direccion (id_direccion, calle, colonia, numero) values (64, 'Northport', 'Road', '81370');
insert into empleado_direccion (id_direccion, calle, colonia, numero) values (65, 'Cordelia', 'Trail', '5');
insert into empleado_direccion (id_direccion, calle, colonia, numero) values (66, 'Eastwood', 'Place', '76580');
insert into empleado_direccion (id_direccion, calle, colonia, numero) values (67, 'Bay', 'Parkway', '7182');
insert into empleado_direccion (id_direccion, calle, colonia, numero) values (68, 'Prairieview', 'Crossing', '14438');
insert into empleado_direccion (id_direccion, calle, colonia, numero) values (69, 'Summer Ridge', 'Park', '13551');
insert into empleado_direccion (id_direccion, calle, colonia, numero) values (70, 'Rowland', 'Parkway', '303');
insert into empleado_direccion (id_direccion, calle, colonia, numero) values (71, 'Myrtle', 'Crossing', '6');
insert into empleado_direccion (id_direccion, calle, colonia, numero) values (72, 'Oakridge', 'Lane', '8');
insert into empleado_direccion (id_direccion, calle, colonia, numero) values (73, 'Leroy', 'Way', '0');
insert into empleado_direccion (id_direccion, calle, colonia, numero) values (74, 'Chive', 'Drive', '6');
insert into empleado_direccion (id_direccion, calle, colonia, numero) values (75, 'Scott', 'Junction', '931');
insert into empleado_direccion (id_direccion, calle, colonia, numero) values (76, 'Fremont', 'Plaza', '55816');
insert into empleado_direccion (id_direccion, calle, colonia, numero) values (77, 'Del Sol', 'Way', '31');
insert into empleado_direccion (id_direccion, calle, colonia, numero) values (78, 'Buhler', 'Road', '5');
insert into empleado_direccion (id_direccion, calle, colonia, numero) values (79, 'Sunnyside', 'Junction', '2368');
insert into empleado_direccion (id_direccion, calle, colonia, numero) values (80, 'Raven', 'Parkway', '2524');
insert into empleado_direccion (id_direccion, calle, colonia, numero) values (81, 'Glacier Hill', 'Parkway', '0649');
insert into empleado_direccion (id_direccion, calle, colonia, numero) values (82, 'Fair Oaks', 'Drive', '03799');
insert into empleado_direccion (id_direccion, calle, colonia, numero) values (83, 'Maryland', 'Hill', '509');
insert into empleado_direccion (id_direccion, calle, colonia, numero) values (84, 'Tennessee', 'Park', '5544');
insert into empleado_direccion (id_direccion, calle, colonia, numero) values (85, 'Fisk', 'Pass', '1');
insert into empleado_direccion (id_direccion, calle, colonia, numero) values (86, 'Bluejay', 'Place', '6915');
insert into empleado_direccion (id_direccion, calle, colonia, numero) values (87, 'Forest Run', 'Plaza', '3');
insert into empleado_direccion (id_direccion, calle, colonia, numero) values (88, 'Meadow Vale', 'Center', '726');
insert into empleado_direccion (id_direccion, calle, colonia, numero) values (89, 'Eastlawn', 'Trail', '2527');
insert into empleado_direccion (id_direccion, calle, colonia, numero) values (90, 'Kropf', 'Drive', '92');
insert into empleado_direccion (id_direccion, calle, colonia, numero) values (91, 'Sutteridge', 'Junction', '392');
insert into empleado_direccion (id_direccion, calle, colonia, numero) values (92, 'Talisman', 'Crossing', '87827');
insert into empleado_direccion (id_direccion, calle, colonia, numero) values (93, 'Colorado', 'Crossing', '45');
insert into empleado_direccion (id_direccion, calle, colonia, numero) values (94, 'Kingsford', 'Street', '009');
insert into empleado_direccion (id_direccion, calle, colonia, numero) values (95, 'Esch', 'Center', '48');
insert into empleado_direccion (id_direccion, calle, colonia, numero) values (96, 'Roth', 'Road', '2');
insert into empleado_direccion (id_direccion, calle, colonia, numero) values (97, 'Novick', 'Trail', '4');
insert into empleado_direccion (id_direccion, calle, colonia, numero) values (98, 'Katie', 'Crossing', '1943');
insert into empleado_direccion (id_direccion, calle, colonia, numero) values (99, 'Buena Vista', 'Road', '4482');
insert into empleado_direccion (id_direccion, calle, colonia, numero) values (100, 'Summit', 'Street', '65284');


-- empleado
insert into empleado (id_empleado, id_nombre, id_direccion, id_sucursal, telefono) values (1, 1, 1, 6, '0762913607');
insert into empleado (id_empleado, id_nombre, id_direccion, id_sucursal, telefono) values (2, 2, 2, 4, '3707703913');
insert into empleado (id_empleado, id_nombre, id_direccion, id_sucursal, telefono) values (3, 3, 3, 8, '7484468806');
insert into empleado (id_empleado, id_nombre, id_direccion, id_sucursal, telefono) values (4, 4, 4, 9, '3759895509');
insert into empleado (id_empleado, id_nombre, id_direccion, id_sucursal, telefono) values (5, 5, 5, 8, '6897305880');
insert into empleado (id_empleado, id_nombre, id_direccion, id_sucursal, telefono) values (6, 6, 6, 9, '5161224879');
insert into empleado (id_empleado, id_nombre, id_direccion, id_sucursal, telefono) values (7, 7, 7, 10, '5482630068');
insert into empleado (id_empleado, id_nombre, id_direccion, id_sucursal, telefono) values (8, 8, 8, 3, '2116744340');
insert into empleado (id_empleado, id_nombre, id_direccion, id_sucursal, telefono) values (9, 9, 9, 6, '8140692644');
insert into empleado (id_empleado, id_nombre, id_direccion, id_sucursal, telefono) values (10, 10, 10, 3, '0596057606');
insert into empleado (id_empleado, id_nombre, id_direccion, id_sucursal, telefono) values (11, 11, 11, 5, '9380076506');
insert into empleado (id_empleado, id_nombre, id_direccion, id_sucursal, telefono) values (12, 12, 12, 1, '7742987114');
insert into empleado (id_empleado, id_nombre, id_direccion, id_sucursal, telefono) values (13, 13, 13, 10, '5345480580');
insert into empleado (id_empleado, id_nombre, id_direccion, id_sucursal, telefono) values (14, 14, 14, 7, '2521546229');
insert into empleado (id_empleado, id_nombre, id_direccion, id_sucursal, telefono) values (15, 15, 15, 5, '3439439032');
insert into empleado (id_empleado, id_nombre, id_direccion, id_sucursal, telefono) values (16, 16, 16, 8, '2106227786');
insert into empleado (id_empleado, id_nombre, id_direccion, id_sucursal, telefono) values (17, 17, 17, 1, '7781657462');
insert into empleado (id_empleado, id_nombre, id_direccion, id_sucursal, telefono) values (18, 18, 18, 3, '9311942717');
insert into empleado (id_empleado, id_nombre, id_direccion, id_sucursal, telefono) values (19, 19, 19, 1, '4465475778');
insert into empleado (id_empleado, id_nombre, id_direccion, id_sucursal, telefono) values (20, 20, 20, 2, '2255629759');
insert into empleado (id_empleado, id_nombre, id_direccion, id_sucursal, telefono) values (21, 21, 21, 8, '3351527281');
insert into empleado (id_empleado, id_nombre, id_direccion, id_sucursal, telefono) values (22, 22, 22, 4, '8428924239');
insert into empleado (id_empleado, id_nombre, id_direccion, id_sucursal, telefono) values (23, 23, 23, 2, '0221064917');
insert into empleado (id_empleado, id_nombre, id_direccion, id_sucursal, telefono) values (24, 24, 24, 2, '3819477698');
insert into empleado (id_empleado, id_nombre, id_direccion, id_sucursal, telefono) values (25, 25, 25, 7, '8197318054');
insert into empleado (id_empleado, id_nombre, id_direccion, id_sucursal, telefono) values (26, 26, 26, 9, '4567074911');
insert into empleado (id_empleado, id_nombre, id_direccion, id_sucursal, telefono) values (27, 27, 27, 2, '9596266560');
insert into empleado (id_empleado, id_nombre, id_direccion, id_sucursal, telefono) values (28, 28, 28, 9, '8648307019');
insert into empleado (id_empleado, id_nombre, id_direccion, id_sucursal, telefono) values (29, 29, 29, 6, '1800249257');
insert into empleado (id_empleado, id_nombre, id_direccion, id_sucursal, telefono) values (30, 30, 30, 1, '7429955605');
insert into empleado (id_empleado, id_nombre, id_direccion, id_sucursal, telefono) values (31, 31, 31, 1, '3570277958');
insert into empleado (id_empleado, id_nombre, id_direccion, id_sucursal, telefono) values (32, 32, 32, 4, '1975496731');
insert into empleado (id_empleado, id_nombre, id_direccion, id_sucursal, telefono) values (33, 33, 33, 3, '3397224258');
insert into empleado (id_empleado, id_nombre, id_direccion, id_sucursal, telefono) values (34, 34, 34, 10, '0828454033');
insert into empleado (id_empleado, id_nombre, id_direccion, id_sucursal, telefono) values (35, 35, 35, 1, '9809882377');
insert into empleado (id_empleado, id_nombre, id_direccion, id_sucursal, telefono) values (36, 36, 36, 10, '2428283103');
insert into empleado (id_empleado, id_nombre, id_direccion, id_sucursal, telefono) values (37, 37, 37, 7, '7468300153');
insert into empleado (id_empleado, id_nombre, id_direccion, id_sucursal, telefono) values (38, 38, 38, 9, '2835067562');
insert into empleado (id_empleado, id_nombre, id_direccion, id_sucursal, telefono) values (39, 39, 39, 6, '4863748320');
insert into empleado (id_empleado, id_nombre, id_direccion, id_sucursal, telefono) values (40, 40, 40, 5, '3860309638');
insert into empleado (id_empleado, id_nombre, id_direccion, id_sucursal, telefono) values (41, 41, 41, 1, '5987867673');
insert into empleado (id_empleado, id_nombre, id_direccion, id_sucursal, telefono) values (42, 42, 42, 6, '7654445634');
insert into empleado (id_empleado, id_nombre, id_direccion, id_sucursal, telefono) values (43, 43, 43, 3, '8299771562');
insert into empleado (id_empleado, id_nombre, id_direccion, id_sucursal, telefono) values (44, 44, 44, 6, '9543240681');
insert into empleado (id_empleado, id_nombre, id_direccion, id_sucursal, telefono) values (45, 45, 45, 7, '6056871020');
insert into empleado (id_empleado, id_nombre, id_direccion, id_sucursal, telefono) values (46, 46, 46, 9, '5710177096');
insert into empleado (id_empleado, id_nombre, id_direccion, id_sucursal, telefono) values (47, 47, 47, 1, '4253014506');
insert into empleado (id_empleado, id_nombre, id_direccion, id_sucursal, telefono) values (48, 48, 48, 10, '9192905175');
insert into empleado (id_empleado, id_nombre, id_direccion, id_sucursal, telefono) values (49, 49, 49, 7, '5549024451');
insert into empleado (id_empleado, id_nombre, id_direccion, id_sucursal, telefono) values (50, 50, 50, 1, '8695680277');
insert into empleado (id_empleado, id_nombre, id_direccion, id_sucursal, telefono) values (51, 51, 51, 5, '8797275758');
insert into empleado (id_empleado, id_nombre, id_direccion, id_sucursal, telefono) values (52, 52, 52, 10, '1640297677');
insert into empleado (id_empleado, id_nombre, id_direccion, id_sucursal, telefono) values (53, 53, 53, 8, '0440670697');
insert into empleado (id_empleado, id_nombre, id_direccion, id_sucursal, telefono) values (54, 54, 54, 9, '1537035114');
insert into empleado (id_empleado, id_nombre, id_direccion, id_sucursal, telefono) values (55, 55, 55, 9, '7024784193');
insert into empleado (id_empleado, id_nombre, id_direccion, id_sucursal, telefono) values (56, 56, 56, 7, '4637119336');
insert into empleado (id_empleado, id_nombre, id_direccion, id_sucursal, telefono) values (57, 57, 57, 7, '1909471712');
insert into empleado (id_empleado, id_nombre, id_direccion, id_sucursal, telefono) values (58, 58, 58, 8, '7255193091');
insert into empleado (id_empleado, id_nombre, id_direccion, id_sucursal, telefono) values (59, 59, 59, 4, '9370620428');
insert into empleado (id_empleado, id_nombre, id_direccion, id_sucursal, telefono) values (60, 60, 60, 7, '1543944876');
insert into empleado (id_empleado, id_nombre, id_direccion, id_sucursal, telefono) values (61, 61, 61, 10, '7111309756');
insert into empleado (id_empleado, id_nombre, id_direccion, id_sucursal, telefono) values (62, 62, 62, 7, '9975801653');
insert into empleado (id_empleado, id_nombre, id_direccion, id_sucursal, telefono) values (63, 63, 63, 4, '7733769112');
insert into empleado (id_empleado, id_nombre, id_direccion, id_sucursal, telefono) values (64, 64, 64, 6, '5144637315');
insert into empleado (id_empleado, id_nombre, id_direccion, id_sucursal, telefono) values (65, 65, 65, 4, '6965772900');
insert into empleado (id_empleado, id_nombre, id_direccion, id_sucursal, telefono) values (66, 66, 66, 4, '1704015345');
insert into empleado (id_empleado, id_nombre, id_direccion, id_sucursal, telefono) values (67, 67, 67, 3, '5932765450');
insert into empleado (id_empleado, id_nombre, id_direccion, id_sucursal, telefono) values (68, 68, 68, 9, '0478329806');
insert into empleado (id_empleado, id_nombre, id_direccion, id_sucursal, telefono) values (69, 69, 69, 3, '2507866603');
insert into empleado (id_empleado, id_nombre, id_direccion, id_sucursal, telefono) values (70, 70, 70, 3, '6460636807');
insert into empleado (id_empleado, id_nombre, id_direccion, id_sucursal, telefono) values (71, 71, 71, 5, '6287410570');
insert into empleado (id_empleado, id_nombre, id_direccion, id_sucursal, telefono) values (72, 72, 72, 6, '4212474705');
insert into empleado (id_empleado, id_nombre, id_direccion, id_sucursal, telefono) values (73, 73, 73, 7, '4229687505');
insert into empleado (id_empleado, id_nombre, id_direccion, id_sucursal, telefono) values (74, 74, 74, 7, '9112499051');
insert into empleado (id_empleado, id_nombre, id_direccion, id_sucursal, telefono) values (75, 75, 75, 1, '3268085937');
insert into empleado (id_empleado, id_nombre, id_direccion, id_sucursal, telefono) values (76, 76, 76, 6, '2204093121');
insert into empleado (id_empleado, id_nombre, id_direccion, id_sucursal, telefono) values (77, 77, 77, 6, '6570400514');
insert into empleado (id_empleado, id_nombre, id_direccion, id_sucursal, telefono) values (78, 78, 78, 8, '0439298175');
insert into empleado (id_empleado, id_nombre, id_direccion, id_sucursal, telefono) values (79, 79, 79, 8, '7071391109');
insert into empleado (id_empleado, id_nombre, id_direccion, id_sucursal, telefono) values (80, 80, 80, 10, '3526148989');
insert into empleado (id_empleado, id_nombre, id_direccion, id_sucursal, telefono) values (81, 81, 81, 2, '3193821916');
insert into empleado (id_empleado, id_nombre, id_direccion, id_sucursal, telefono) values (82, 82, 82, 8, '0843203095');
insert into empleado (id_empleado, id_nombre, id_direccion, id_sucursal, telefono) values (83, 83, 83, 9, '4019119905');
insert into empleado (id_empleado, id_nombre, id_direccion, id_sucursal, telefono) values (84, 84, 84, 4, '3538570422');
insert into empleado (id_empleado, id_nombre, id_direccion, id_sucursal, telefono) values (85, 85, 85, 4, '0227063466');
insert into empleado (id_empleado, id_nombre, id_direccion, id_sucursal, telefono) values (86, 86, 86, 6, '8460324605');
insert into empleado (id_empleado, id_nombre, id_direccion, id_sucursal, telefono) values (87, 87, 87, 1, '0554385609');
insert into empleado (id_empleado, id_nombre, id_direccion, id_sucursal, telefono) values (88, 88, 88, 9, '2875138396');
insert into empleado (id_empleado, id_nombre, id_direccion, id_sucursal, telefono) values (89, 89, 89, 5, '1249443456');
insert into empleado (id_empleado, id_nombre, id_direccion, id_sucursal, telefono) values (90, 90, 90, 2, '3068889037');
insert into empleado (id_empleado, id_nombre, id_direccion, id_sucursal, telefono) values (91, 91, 91, 2, '0876999267');
insert into empleado (id_empleado, id_nombre, id_direccion, id_sucursal, telefono) values (92, 92, 92, 1, '8733817328');
insert into empleado (id_empleado, id_nombre, id_direccion, id_sucursal, telefono) values (93, 93, 93, 1, '2781034484');
insert into empleado (id_empleado, id_nombre, id_direccion, id_sucursal, telefono) values (94, 94, 94, 9, '3669268521');
insert into empleado (id_empleado, id_nombre, id_direccion, id_sucursal, telefono) values (95, 95, 95, 8, '1485176114');
insert into empleado (id_empleado, id_nombre, id_direccion, id_sucursal, telefono) values (96, 96, 96, 7, '7242638542');
insert into empleado (id_empleado, id_nombre, id_direccion, id_sucursal, telefono) values (97, 97, 97, 1, '6588680289');
insert into empleado (id_empleado, id_nombre, id_direccion, id_sucursal, telefono) values (98, 98, 98, 10, '4607696954');
insert into empleado (id_empleado, id_nombre, id_direccion, id_sucursal, telefono) values (99, 99, 99, 3, '3151168578');
insert into empleado (id_empleado, id_nombre, id_direccion, id_sucursal, telefono) values (100, 100, 100, 1, '7352879578');